role,person_display_name,person_slug,person_alias
Director,Honda Ishirô,honda-ishiro,
SFX Director,Tsuburaya Eiji,tsuburaya-eiji,
Producer,Tanaka Tomoyuki,tanaka-tomoyuki,
Screenplay,Sekizawa Shin'ichi,sekizawa-shinichi,
Photography,Koizumi Hajime,koizumi-hajime,
Art,Kita Takeo,kita-takeo,
Sound,Uehara Masanao,,
Lighting,Kojima Shôshichi,,
Music,Ifukube Akira,ifukube-akira,
Editor,Fujii Ryôhei,,
SFX Photography,Arikawa Sadamasa,arikawa-sadamasa,
SFX Assistant Director,Nakano Teruyoshi,nakano-teruyoshi,
