role,name,slug,showcased,uncredited,supporting,avatar_url,alias,qualifiers,character_qualifiers,secondary
Kurono Kei,Ninomiya Kazunari,,false,false,false,/static/images/films/gantz-perfect-answer-2011/cast-avatars/kazunari-ninomiya-0.webp,,,,false
Katô Masaru,Matsuyama Ken'ichi,,false,false,false,/static/images/films/gantz-perfect-answer-2011/cast-avatars/kenichi-matsuyama-0.webp,,,,false
"Senju<span class=""italic"">-seijin</span>",Matsuyama Ken'ichi,,false,false,false,/static/images/films/gantz-perfect-answer-2011/cast-avatars/kenichi-matsuyama-1.webp,,,,false
"Senju<span class=""italic"">-seijin</span>",Hongô Kanata,,false,false,false,/static/images/films/gantz-perfect-answer-2011/cast-avatars/kanata-hongo-1.webp,,,,false
Kojima Tae,Yoshitaka Yuriko,,false,false,false,/static/images/films/gantz-perfect-answer-2011/cast-avatars/yuriko-yoshitaka-0.webp,,,,false
Nishi Jôichirô,Hongô Kanata,,false,false,false,/static/images/films/gantz-perfect-answer-2011/cast-avatars/kanata-hongo-0.webp,,,,false
Kishimoto Megumi,Natsuna,,false,false,false,/static/images/films/gantz-perfect-answer-2011/cast-avatars/natsuna-0.webp,,,,false
Ayukawa Eriko,Itô Ayumi,,false,false,false,/static/images/films/gantz-perfect-answer-2011/cast-avatars/ayumi-ito-0.webp,,,,false
Suzuki Ryôichi,Taguchi Tomorowo,,false,false,false,/static/images/films/gantz-perfect-answer-2011/cast-avatars/tomorowo-taguchi-0.webp,,,,false
Shigeta Masamitsu,Yamada Takayuki,,false,false,false,/static/images/films/gantz-perfect-answer-2011/cast-avatars/takayuki-yamada-0.webp,,,,false
"Chief Black Suit<span class=""italic"">-seijin</span>",Ayano Gô,,false,false,true,/static/images/films/gantz-perfect-answer-2011/cast-avatars/go-ayano-0.webp,,,,false
Katô Ayumu,Chisaka Kensuke,,false,false,true,/static/images/films/gantz-perfect-answer-2011/cast-avatars/kensuke-chikasa-0.webp,,,,false
Sakano Risa,Genkaku Yûko,,false,false,true,/static/images/films/gantz-perfect-answer-2011/cast-avatars/yuko-genkaku-0.webp,,,,false
"Black Suit<span class=""italic"">-seijin</span>",Hirano Yasuyuki,,false,false,true,/static/images/films/gantz-perfect-answer-2011/cast-avatars/yasuyuki-hirano-0.webp,,,,false
"Black Suit<span class=""italic"">-seijin</span>",Kamui Kyôji,,false,false,true,/static/images/films/gantz-perfect-answer-2011/cast-avatars/kyoji-kamui-0.webp,,,,false
Nakamura Kôta,Koshimura Tomokazu,,false,false,true,/static/images/films/gantz-perfect-answer-2011/cast-avatars/tomokaze-koshimura-0.webp,,,,false
Yamamoto Mako,Midori Yurie,,false,false,true,/static/images/films/gantz-perfect-answer-2011/cast-avatars/yurie-midori-0.webp,,,,false
"Black Suit<span class=""italic"">-seijin</span>",Mizusawa Nako,,false,false,true,/static/images/films/gantz-perfect-answer-2011/cast-avatars/nako-mizusawa-0.webp,,,,false
"Black Suit<span class=""italic"">-seijin</span>",Ôishi Masafumi,,false,false,true,/static/images/films/gantz-perfect-answer-2011/cast-avatars/masafumi-oishi-0.webp,,,,false
"Black Suit<span class=""italic"">-seijin</span>",Okuse Shigeru,,false,false,true,/static/images/films/gantz-perfect-answer-2011/cast-avatars/shigeru-okuse-0.webp,,,,false
Kobayashi Shin'ichi,Sakata Masanobu,,false,false,true,/static/images/films/gantz-perfect-answer-2011/cast-avatars/masanobu-sakata-0.webp,,,,false
Sakurai Hiroshi,Shiraishi Shun'ya,,false,false,true,/static/images/films/gantz-perfect-answer-2011/cast-avatars/shunya-shiraishi-0.webp,,,,false
Takahashi Mitsuteru,Wakaba Ryûya,,false,false,true,/static/images/films/gantz-perfect-answer-2011/cast-avatars/ryuya-wakaba-0.webp,,,,false
