monster,avatar_url,portrayal_type,person_name,person_slug,person_alias
Godzilla,/static/images/films/godzilla-final-wars-2004/kaiju-avatars/tsutomu-kitagawa-0.webp,Suit Actor,Kitagawa Tsutomu,,
Manda,/static/images/films/godzilla-final-wars-2004/kaiju-avatars/manda.webp,Puppet,,,
Manda,/static/images/films/godzilla-final-wars-2004/kaiju-avatars/manda.webp,CGI,,,
Rodan,/static/images/films/godzilla-final-wars-2004/kaiju-avatars/naoko-kamio-0.webp,Suit Actor,Kamio Naoko,,
Zilla,/static/images/films/godzilla-final-wars-2004/kaiju-avatars/00680.webp,CGI,,,
Anguirus,/static/images/films/godzilla-final-wars-2004/kaiju-avatars/toshihiro-ogura-0.webp,Suit Actor,Ogura Toshihiro,,
King Caesar,/static/images/films/godzilla-final-wars-2004/kaiju-avatars/motokuni-nakagawa-0.webp,Suit Actor,Nakagawa Motokuni,,
Kamacuras,/static/images/films/godzilla-final-wars-2004/kaiju-avatars/00693.webp,Puppet,,,
Kamacuras,/static/images/films/godzilla-final-wars-2004/kaiju-avatars/00693.webp,CGI,,,
Kumonga,/static/images/films/godzilla-final-wars-2004/kaiju-avatars/02211.webp,Puppet,,,
Minilla,/static/images/films/godzilla-final-wars-2004/kaiju-avatars/naoko-kamio-1.webp,Suit Actor,Kamio Naoko,,
Ebirah,/static/images/films/godzilla-final-wars-2004/kaiju-avatars/toshihiro-ogura-1.webp,Suit Actor,Ogura Toshihiro,,
Gigan,/static/images/films/godzilla-final-wars-2004/kaiju-avatars/kazuhiro-yoshida-0.webp,Suit Actor,Yoshida Kazuhiro,,
Hedorah,/static/images/films/godzilla-final-wars-2004/kaiju-avatars/kazuhiro-yoshida-1.webp,Suit Actor,Yoshida Kazuhiro,,
Monster X,/static/images/films/godzilla-final-wars-2004/kaiju-avatars/motokuni-nakagawa-1.webp,Suit Actor,Nakagawa Motokuni,,
Keizer Ghidorah,/static/images/films/godzilla-final-wars-2004/kaiju-avatars/motokuni-nakagawa-2.webp,Suit Actor,Nakagawa Motokuni,,
Keizer Ghidorah,/static/images/films/godzilla-final-wars-2004/kaiju-avatars/motokuni-nakagawa-2.webp,Suit Actor,Ogura Toshihiro,,
