slug,title,format,publisher,year,film_slugs,notes
icons-of-sci-fi-toho-collection-2009,Icons of Sci-Fi: Toho Collection,DVD,Sony,2009,h-man-1958;battle-in-outer-space-1959;mothra-1961,Japanese & US Versions;Audio Commentaries by Steve Ryfle & Ed Godziszewski
battle-in-outer-space-2018,Battle in Outer Space,bluray,Sony,2018,battle-in-outer-space-1959,Japanese & US Versions;Audio Commentary by Steve Ryfle & Ed Godziszewski
sci-fi-double-feature-2020,Sci-Fi Double Feature,bluray,Mill Creek,2020,battle-in-outer-space-1959;h-man-1958,Japanese & US Versions;Audio Commentary by Steve Ryfle & Ed Godziszewski
ishiro-honda-king-of-the-monsters-2019,Ishiro Honda: King of the Monsters,vod,Criterion Channel,2019,godzilla-1954;rodan-1956;mysterians-1957;varan-the-unbelievable-1958;atragon-1963;matango-1963;dogora-1964;ghidorah-the-three-headed-monster-1964;mothra-vs-godzilla-1964;frankenstein-conquers-the-world-1965;invasion-of-astro-monster-1965;war-of-the-gargantuas-1966;destroy-all-monsters-1968;all-monsters-attack-1969;space-amoeba-1970;terror-of-mechagodzilla-1975,Introduction by Alex Cox
godzilla-king-of-the-monsters-1983,Godzilla: King of the Monsters!,vhs,Vestron,1983,godzilla-1954,US Version
godzilla-king-of-the-monsters-1998,Godzilla: King of the Monsters!,vhs,Simitar,1998,godzilla-1954,US Version
godzilla-king-of-the-monsters-2002,Godzilla: King of the Monsters!,dvd,Classic Media,2002,godzilla-1954,US Version
gojira-2006,Gojira,dvd,Classic Media,2006,godzilla-1954,"Japanese & US Versions;Audio Commentaries by Steve Ryfle & Ed Godziszewski;""Making of the Godzilla Suit"" Featurette;""Godzilla: Story Development"" Featurette"
godzilla-2012,Godzilla,bluray,Criterion Collection,2012,godzilla-1954,"Japanese & US Versions;Audio Commentaries by David Kalat;Akira Takarada Interview;Haruo Nakajima Interview;Akira Ifukube Interview;Special Effects Featurette;Tadao Sato (Film Critic) Interview;""The Unluckiest Dragon"" Audio Essay by Greg Pflugfelder"
godzilla-the-showa-films-2019,"Godzilla: The Showa Films, 1954-1975",bluray,Criterion Collection,2019,godzilla-1954;godzilla-raids-again-1955;king-kong-vs-godzilla-1962;mothra-vs-godzilla-1964;ghidorah-the-three-headed-monster-1964;invasion-of-astro-monster-1965;ebirah-horror-of-the-deep-1966;son-of-godzilla-1967;destroy-all-monsters-1968;all-monsters-attack-1969;godzilla-vs-hedorah-1971;godzilla-vs-gigan-1972;godzilla-vs-megalon-1973;godzilla-vs-mechagodzilla-1974;terror-of-mechagodzilla-1975,"Audio Commentaries by David Kalat;Ishiro Honda Interview;Special Effects Featurette;Alex Cox Interview;Bin Furuya Interview;Tsugutoshi Komada Interview;Haruo Nakajima Interview;Akira Takarada Interview;Akira Ifukube Interview; ""The Unluckiest Dragon"" Audio Essay by Greg Pflugfelder"
godzilla-raids-again-1989,Godzilla Raids Again,vhs,Video Treasures,1989,godzilla-raids-again-1955,US Version
godzilla-raids-again-2007,Godzilla Raids Again,dvd,Classic Media,2007,godzilla-raids-again-1955,"Japanese & US Versions;Audio Commentary by Steve Ryfle and Friends;""Art of Suit Acting"" Featurette"
invisible-man-appears-and-the-invisible-man-vs-the-human-fly-2021,The Invisible Man Appears & The Invisible Man vs. The Human Fly,bluray,Arrow Video,2021,invisible-man-appears-1949;invisible-man-vs-the-human-fly-1957,"""Transparent Terrors"" Interview with Kim Newman"
half-human-1990,Half Human,vhs,Rhino Home Video,1990,half-human-1955,US Version
renown-pictures-monster-collection-vol-2-1998,The Renown Pictures Monster Collection Vol. 2,dvd,Englewood Entertainment,1998,half-human-1955,US Version
mysterians-2005,The Mysterians,dvd,Media Blasters,2005,mysterians-1957,Audio Commentary by Shinji Higuchi & Koichi Kawakita
classic-tokusatsu-collection-2024,Classic Tokusatsu Collection,bluray,Shout! Factory,2024,prince-of-space-1959;invasion-of-the-neptune-men-1961;watari-the-ninja-boy-1966;golden-bat-1966;magic-serpent-1966;ninja-scope-1969;terror-beneath-the-sea-1966
mystery-science-theater-3000-collection-volume-7-2005,"Mystery Science Theater 3000 Collection, Volume 7",dvd,Rhino Home Video,2005,prince-of-space-1959,US Version;MST-ified
mystery-science-theater-3000-volume-vii-2018,Mystery Science Theater 3000: Volume VII,dvd,Shout! Factory,2018,prince-of-space-1959,US Version;MST-ified
rodan-1983,Rodan,vhs,Vestron,1983,rodan-1956
rodan-2002,Rodan,dvd,Classic Media,2002,rodan-1956
rodan-and-war-of-the-gargantuas-2008,Rodan and War of the Gargantuas,dvd,Classic Media,2008,rodan-1956;war-of-the-gargantuas-1966,"Japanese & US Versions;""Bringing Godzilla Down to Size"" Documentary"
varan-the-unbelievable-1990,Varan the Unbelievable,vhs,VCI,1990,varan-the-unbelievable-1958,US Version
varan-the-unbelievable-2005,Varan the Unbelievable,dvd,Media Blasters,2005,varan-the-unbelievable-1958,Audio Commentary by Keizo Murase;Creature Sculptor Featurette
warning-from-space-2020,Warning from Space,bluray,Arrow Video,2020,warning-from-space-1956,Audio Commentary by Stuart Galbraith IV
13-assassins-2011,13 Assassins,bluray,Magnet,2011,13-assassins-2010,Takashi Miike interview
20th-century-boys-1-beginning-of-the-end-2009,20th Century Boys 1: Beginning of the End,dvd,Viz Pictures,2009,20th-century-boys-1-the-beginning-of-the-end-2008
20th-century-boys-2-the-last-hope-2010,20th Century Boys 2: The Last Hope,dvd,Viz Pictures,2010,20th-century-boys-2-the-last-hope-2009
20th-century-boys-3-redemption-2010,20th Century Boys 3: Redemption,dvd,Viz Pictures,2010,20th-century-boys-3-redemption-2009