work_slug,name,person_slug,credit
13-assassins,Ikemiya Shôichirô,,Original Story
20th-century-boys,Urasawa Naoki,,Original Story
21st-century-boys,Urasawa Naoki,,Original Story
69,Takahashi Tsutomu,,Original Story
akira,Ôtomo Katsuhiro,,Original Story
alive,Takahashi Tsutomu,,Original Story
all-round-appraiser-qs-case-files,Matsuoka Keisuke,,Original Story
assassination-classroom,Matsui Yusei,,Original Story
attack-on-titan,Isayama Hajime,,Original Story
azumi,Koyama Yû,,Original Story
battle-royale,Takami Kôshun,,Original Story
beastman-yeti,Kayama Shigeru,kayama-shigeru,Original Story
crayon-shin-chan-fierceness-that-invites-storm-the-battle-of-the-warring-states,Usui Yoshito,,Original Story
crayon-shin-chan-fierceness-that-invites-storm-the-battle-of-the-warring-states,Hara Keiichi,,Original Story
criticality-of-explosion,Tanaka Kôji,,Original Story
crossfire,Miyabe Miyuki,,Original Story
daredevil-in-the-castle,Murakami Genzô,,Original Story
death-note,Ôba Tsugumi,,Original Story
death-note,Obata Takeshi,,Original Story
disappearance-of-the-capital,Komatsu Sakyô,,Original Story
doraemon,Fujiko F. Fujio,,Original Story
dororo,Tezuka Osamu,,Original Story
earth-defense-force,Okami Jôjirô,okami-jojiro,Original Story
eko-eko-azarak,Koga Shin'ichi,,Original Story
espy,Komatsu Sakyô,,Original Story
eternal-zero,Hyakuta Naoki,,Original Story
everyday-peace,Yamamoto Shûgurô,,Original Story
fiend-with-twenty-faces,Kitamura Sô,,Original Story
gantz,Oku Hiroya,,Original Story
ghost-in-the-shell,Masamune Shirô,,Original Story
glorious-team-batista,Kaidô Takeru,,Original Story
gods-left-hand-devils-right-hand,Umezu Kazuo,,Original Story
golden-bat,Nagamatsu Takeo,,Original Story
great-prophecy-of-nostradamus,Gôto Ben,,Original Story
hatobueso,Miyabe Miyuki,,Original Story
himitsu-top-secret,Shimizu Reiko,,Original Story
howls-moving-castle,Diana Wynn Jones,,Original Story
i-am-a-hero,Hanazawa Kengo,,Original Story
in-a-grove,Akutagawa Ryûnosuke,,Original Story
kaiji,Fukumoto Nobuyuki,,Original Story
kamui-gaiden,Shirato Sanpei,,Original Story
kerberos-panzer-cop,Oshii Mamoru,,Original Story
kings-ransom,Ed McBain,,Original Story
koga-ninja-scroll,Yamada Fûtarô,,Original Story
lady-snowblood,Koike Kazuo,,Original Story
lady-snowblood,Kamimura Kazuo,,Original Story
lemon-heart,Suzuki Kôji,,Original Story
library-wars,Takami Yû,,Original Story
lorelei-at-the-end-of-the-war,Fukui Harutoshi,,Original Story
lupin-iii,Monkey Punch,,Original Story
makai-tensho,Yamada Fûtarô,,Original Story
man-they-called-pirate,Hyakuta Naoki,,Original Story
monster-godzilla,Kayama Shigeru,kayama-shigeru,Original Story
mothra,Nakamura Shin'ichirô,,Original Story
mothra,Fukunaga Takehiko,,Original Story
mothra,Hotta Yoshie,,Original Story
musashi-miyamoto,Yoshikawa Eiji,,Original Story
new-legend-of-the-eight-samurai,Kamata Toshio,,Original Story
one-missed-call,Akimoto Yasushi,,Original Story
onmyoji,Yumemakura Baku,,Original Story
parasite-eve,Sena Hideaki,,Original Story
parasyte,Iwaaki Hitoshi,,Original Story
platinum-data,Higashino Keigo,,Original Story
rashomon,Akutagawa Ryûnosuke,,Original Story
rescue-wings,Tommy Ôtsuka,,Original Story
ring,Suzuki Kôji,,Original Story
run-meros,Dazai Osamu,,Original Story
rurouni-kenshin,Watsuki Nobuhiro,,Original Story
sengoku-self-defense-force,Hanmura Ryô,,Original Story
sengoku-self-defense-force-1549,Fukui Harutoshi,,Original Story
sinking-of-japan,Komatsu Sakyô,,Original Story
sky-crawlers,Mori Hiroshi,,Original Story
sky-high,Takahashi Tsutomu,,Original Story
space-battleship-yamato,Nishizaki Yoshinobu,,Original Story
space-mons,Okami Jôjirô,okami-jojiro,Original Story
spiral,Suzuki Kôji,,Original Story
strange-ronin,Takiguchi Yasuhiko,,Original Story
sunset-on-third-street,Saigan Ryôhei,,Original Story
sword-of-the-emperor,Yumemakura Baku,,Original Story
tetsujin-28,Yokoyama Mitsuteru,,Original Story
to-the-ends-of-the-earth-and-sea,Morimura Seiichi,,Original Story
triumphant-return-of-general-rouge,Kaidô Takeru,,Original Story
undersea-warship,Oshikawa Shunrô,oshikawa-shunro,Original Story
voice-in-the-night,William Hope Hodgson,hodgson-william-hope,Original Work
zatoichi,Shimozawa Kan,shimozawa-kan,Original Story
